Date,Close,Date,Close,Date,Close,Date,Close,Date,Close
2025-09-30 16:00:00,"666,18",2025-09-30 16:00:00,"600,37",2025-09-30 16:00:00,"89,37",2025-09-30 16:00:00,"355,47",2025-09-30 16:00:00,"91,75"
2025-10-01 16:00:00,"668,45",2025-10-01 16:00:00,"603,25",2025-10-01 16:00:00,"89,29",2025-10-01 16:00:00,"356,03",2025-10-01 16:00:00,"91,46"
2025-10-02 16:00:00,"669,22",2025-10-02 16:00:00,"605,73",2025-10-02 16:00:00,"89,55",2025-10-02 16:00:00,"354,79",2025-10-02 16:00:00,"91,47"
2025-10-03 16:00:00,"669,21",2025-10-03 16:00:00,"603,18",2025-10-03 16:00:00,"89,38",2025-10-03 16:00:00,"357,64",2025-10-03 16:00:00,"91,49"
2025-10-06 16:00:00,"671,61",2025-10-06 16:00:00,"607,71",2025-10-06 16:00:00,"88,67",2025-10-06 16:00:00,"364,38",2025-10-06 16:00:00,"91,51"
2025-10-07 16:00:00,"669,12",2025-10-07 16:00:00,"604,51",2025-10-07 16:00:00,"89,18",2025-10-07 16:00:00,"366,26",2025-10-07 16:00:00,"91,51"
2025-10-08 16:00:00,"673,11",2025-10-08 16:00:00,"611,44",2025-10-08 16:00:00,"89,25",2025-10-08 16:00:00,"372,3",2025-10-08 16:00:00,"91,53"
2025-10-09 16:00:00,"671,16",2025-10-09 16:00:00,"610,7",2025-10-09 16:00:00,"89,18",2025-10-09 16:00:00,"365,43",2025-10-09 16:00:00,"91,53"
2025-10-10 16:00:00,"653,02",2025-10-10 16:00:00,"589,5",2025-10-10 16:00:00,"90,62",2025-10-10 16:00:00,"369,12",2025-10-10 16:00:00,"91,57"
2025-10-13 16:00:00,"663,04",2025-10-13 16:00:00,"602,01",2025-10-13 16:00:00,"90,57",2025-10-13 16:00:00,"378,09",2025-10-13 16:00:00,"91,58"
2025-10-14 16:00:00,"662,23",2025-10-14 16:00:00,598,2025-10-14 16:00:00,"90,86",2025-10-14 16:00:00,"380,79",2025-10-14 16:00:00,"91,58"
2025-10-15 16:00:00,"665,17",2025-10-15 16:00:00,"602,22",2025-10-15 16:00:00,"90,66",2025-10-15 16:00:00,"387,39",2025-10-15 16:00:00,"91,59"
2025-10-16 16:00:00,"660,64",2025-10-16 16:00:00,"599,99",2025-10-16 16:00:00,"91,34",2025-10-16 16:00:00,"396,45",2025-10-16 16:00:00,"91,6"
2025-10-17 16:00:00,"664,39",2025-10-17 16:00:00,"603,93",2025-10-17 16:00:00,"91,2",2025-10-17 16:00:00,"388,99",2025-10-17 16:00:00,"91,62"
2025-10-20 16:00:00,"671,3",2025-10-20 16:00:00,"611,54",2025-10-20 16:00:00,"91,55",2025-10-20 16:00:00,"403,15",2025-10-20 16:00:00,"91,64"
2025-10-21 16:00:00,"671,29",2025-10-21 16:00:00,"611,38",2025-10-21 16:00:00,92,2025-10-21 16:00:00,"377,24",2025-10-21 16:00:00,"91,64"
2025-10-22 16:00:00,"667,8",2025-10-22 16:00:00,"605,49",2025-10-22 16:00:00,"92,06",2025-10-22 16:00:00,"377,28",2025-10-22 16:00:00,"91,66"
2025-10-23 16:00:00,"671,76",2025-10-23 16:00:00,"610,58",2025-10-23 16:00:00,"91,43",2025-10-23 16:00:00,"378,79",2025-10-23 16:00:00,"91,67"
2025-10-24 16:00:00,"677,25",2025-10-24 16:00:00,"617,1",2025-10-24 16:00:00,"91,47",2025-10-24 16:00:00,"377,52",2025-10-24 16:00:00,"91,7"
2025-10-27 16:00:00,"685,24",2025-10-27 16:00:00,"628,09",2025-10-27 16:00:00,"91,78",2025-10-27 16:00:00,"367,01",2025-10-27 16:00:00,"91,7"
2025-10-28 16:00:00,"687,06",2025-10-28 16:00:00,"632,92",2025-10-28 16:00:00,"92,02",2025-10-28 16:00:00,"364,38",2025-10-28 16:00:00,"91,71"
2025-10-29 16:00:00,"687,39",2025-10-29 16:00:00,"635,77",2025-10-29 16:00:00,"91,09",2025-10-29 16:00:00,363,2025-10-29 16:00:00,"91,74"
2025-10-30 16:00:00,"679,83",2025-10-30 16:00:00,"626,05",2025-10-30 16:00:00,"90,56",2025-10-30 16:00:00,"370,13",2025-10-30 16:00:00,"91,74"
2025-10-31 16:00:00,"682,06",2025-10-31 16:00:00,"629,07",2025-10-31 16:00:00,"90,29",2025-10-31 16:00:00,"368,12",2025-10-31 16:00:00,"91,76"
2025-11-03 16:00:00,"683,34",2025-11-03 16:00:00,"632,08",2025-11-03 16:00:00,"89,74",2025-11-03 16:00:00,"368,78",2025-11-03 16:00:00,"91,47"
2025-11-04 16:00:00,"675,24",2025-11-04 16:00:00,"619,25",2025-11-04 16:00:00,"89,94",2025-11-04 16:00:00,"362,32",2025-11-04 16:00:00,"91,48"
2025-11-05 16:00:00,"677,58",2025-11-05 16:00:00,"623,28",2025-11-05 16:00:00,"88,96",2025-11-05 16:00:00,"366,51",2025-11-05 16:00:00,"91,49"
2025-11-06 16:00:00,"670,31",2025-11-06 16:00:00,"611,67",2025-11-06 16:00:00,"89,76",2025-11-06 16:00:00,"366,07",2025-11-06 16:00:00,"91,5"
2025-11-07 16:00:00,"670,97",2025-11-07 16:00:00,"609,74",2025-11-07 16:00:00,"89,57",2025-11-07 16:00:00,"368,31",2025-11-07 16:00:00,"91,53"
2025-11-10 16:00:00,"681,44",2025-11-10 16:00:00,"623,23",2025-11-10 16:00:00,"89,55",2025-11-10 16:00:00,"378,38",2025-11-10 16:00:00,"91,55"
2025-11-11 16:00:00,683,2025-11-11 16:00:00,"621,57",2025-11-11 16:00:00,"89,96",2025-11-11 16:00:00,"379,87",2025-11-11 16:00:00,"91,54"
2025-11-12 16:00:00,"683,38",2025-11-12 16:00:00,"621,08",2025-11-12 16:00:00,"90,12",2025-11-12 16:00:00,"385,99",2025-11-12 16:00:00,"91,55"
2025-11-13 16:00:00,"672,04",2025-11-13 16:00:00,"608,4",2025-11-13 16:00:00,"89,38",2025-11-13 16:00:00,"382,87",2025-11-13 16:00:00,"91,56"
2025-11-14 16:00:00,"671,93",2025-11-14 16:00:00,"608,86",2025-11-14 16:00:00,"88,87",2025-11-14 16:00:00,"375,96",2025-11-14 16:00:00,"91,6"
2025-11-17 16:00:00,"665,67",2025-11-17 16:00:00,"603,66",2025-11-17 16:00:00,"89,09",2025-11-17 16:00:00,"371,65",2025-11-17 16:00:00,"91,6"
2025-11-18 16:00:00,"660,08",2025-11-18 16:00:00,"596,31",2025-11-18 16:00:00,"89,06",2025-11-18 16:00:00,"374,35",2025-11-18 16:00:00,"91,62"
2025-11-19 16:00:00,"662,63",2025-11-19 16:00:00,"599,87",2025-11-19 16:00:00,"88,88",2025-11-19 16:00:00,"374,96",2025-11-19 16:00:00,"91,62"
2025-11-20 16:00:00,"652,53",2025-11-20 16:00:00,"585,67",2025-11-20 16:00:00,"89,23",2025-11-20 16:00:00,"374,85",2025-11-20 16:00:00,"91,64"
2025-11-21 16:00:00,"659,03",2025-11-21 16:00:00,"590,07",2025-11-21 16:00:00,"89,5",2025-11-21 16:00:00,"374,27",2025-11-21 16:00:00,"91,66"
2025-11-24 16:00:00,"668,73",2025-11-24 16:00:00,"605,16",2025-11-24 16:00:00,"90,01",2025-11-24 16:00:00,"380,2",2025-11-24 16:00:00,"91,66"
2025-11-25 16:00:00,"675,02",2025-11-25 16:00:00,"608,89",2025-11-25 16:00:00,"90,24",2025-11-25 16:00:00,"380,08",2025-11-25 16:00:00,"91,68"
2025-11-26 16:00:00,"679,68",2025-11-26 16:00:00,"614,27",2025-11-26 16:00:00,"90,64",2025-11-26 16:00:00,"383,12",2025-11-26 16:00:00,"91,69"
2025-11-28 13:15:00,"683,39",2025-11-28 13:05:00,"619,25",2025-11-28 13:05:00,"90,21",2025-11-28 13:15:00,"387,88",2025-11-28 13:15:00,"91,72"
2025-12-01 16:00:00,"680,27",2025-12-01 16:00:00,"617,17",2025-12-01 16:00:00,"88,77",2025-12-01 16:00:00,"389,75",2025-12-01 16:00:00,"91,45"
2025-12-02 16:00:00,"681,53",2025-12-02 16:00:00,622,2025-12-02 16:00:00,"88,81",2025-12-02 16:00:00,"387,24",2025-12-02 16:00:00,"91,48"
2025-12-03 16:00:00,"683,89",2025-12-03 16:00:00,"623,52",2025-12-03 16:00:00,"89,06",2025-12-03 16:00:00,"386,88",2025-12-03 16:00:00,"91,49"
2025-12-04 16:00:00,"684,39",2025-12-04 16:00:00,"622,94",2025-12-04 16:00:00,"88,58",2025-12-04 16:00:00,"387,13",2025-12-04 16:00:00,"91,5"
2025-12-05 16:00:00,"685,69",2025-12-05 16:00:00,"625,48",2025-12-05 16:00:00,"88,17",2025-12-05 16:00:00,"386,44",2025-12-05 16:00:00,"91,52"
2025-12-08 16:00:00,"683,63",2025-12-08 16:00:00,"624,28",2025-12-08 16:00:00,"87,88",2025-12-08 16:00:00,"385,42",2025-12-08 16:00:00,"91,53"
2025-12-09 16:00:00,"683,04",2025-12-09 16:00:00,"625,05",2025-12-09 16:00:00,"87,97",2025-12-09 16:00:00,"387,4",2025-12-09 16:00:00,"91,55"
2025-12-10 16:00:00,"687,57",2025-12-10 16:00:00,"627,61",2025-12-10 16:00:00,"88,31",2025-12-10 16:00:00,"389,05",2025-12-10 16:00:00,"91,55"
2025-12-11 16:00:00,"689,17",2025-12-11 16:00:00,"625,58",2025-12-11 16:00:00,"88,19",2025-12-11 16:00:00,"393,24",2025-12-11 16:00:00,"91,56"
2025-12-12 16:00:00,"681,76",2025-12-12 16:00:00,"613,62",2025-12-12 16:00:00,"87,34",2025-12-12 16:00:00,"395,44",2025-12-12 16:00:00,"91,6"
2025-12-15 16:00:00,"680,73",2025-12-15 16:00:00,"610,54",2025-12-15 16:00:00,"87,4",2025-12-15 16:00:00,"395,8",2025-12-15 16:00:00,"91,6"
2025-12-16 16:00:00,"678,87",2025-12-16 16:00:00,"611,75",2025-12-16 16:00:00,"87,88",2025-12-16 16:00:00,"395,89",2025-12-16 16:00:00,"91,61"
2025-12-17 16:00:00,"671,4",2025-12-17 16:00:00,"600,41",2025-12-17 16:00:00,"87,8",2025-12-17 16:00:00,"399,29",2025-12-17 16:00:00,"91,62"
2025-12-18 16:00:00,"676,47",2025-12-18 16:00:00,"609,11",2025-12-18 16:00:00,"88,22",2025-12-18 16:00:00,"398,57",2025-12-18 16:00:00,"91,27"
2025-12-19 16:00:00,"680,59",2025-12-19 16:00:00,"617,05",2025-12-19 16:00:00,"87,55",2025-12-19 16:00:00,"399,02",2025-12-19 16:00:00,"91,3"
2025-12-22 16:00:00,"684,83",2025-12-22 16:00:00,"619,21",2025-12-22 16:00:00,"87,36",2025-12-22 16:00:00,"408,23",2025-12-22 16:00:00,"91,3"
2025-12-23 16:00:00,"687,96",2025-12-23 16:00:00,"622,11",2025-12-23 16:00:00,"87,5",2025-12-23 16:00:00,"413,64",2025-12-23 16:00:00,"91,3"
2025-12-24 13:00:00,"690,38",2025-12-24 13:05:00,"623,93",2025-12-24 13:05:00,"88,03",2025-12-24 13:00:00,"411,93",2025-12-24 13:00:00,"91,33"
2025-12-26 16:00:00,"690,31",2025-12-26 16:00:00,"623,89",2025-12-26 16:00:00,"87,74",2025-12-26 16:00:00,"416,74",2025-12-26 16:00:00,"91,36"
2025-12-29 16:00:00,"687,85",2025-12-29 16:00:00,"620,87",2025-12-29 16:00:00,"88,07",2025-12-29 16:00:00,"398,6",2025-12-29 16:00:00,"91,36"
2025-12-30 16:00:00,"687,01",2025-12-30 16:00:00,"619,43",2025-12-30 16:00:00,"87,86",2025-12-30 16:00:00,"398,89",2025-12-30 16:00:00,"91,37"
2025-12-31 16:00:00,"681,92",2025-12-31 16:00:00,"614,31",2025-12-31 16:00:00,"87,16",2025-12-31 16:00:00,"396,31",2025-12-31 16:00:00,"91,38"
2026-01-02 16:00:00,"683,17",2026-01-02 16:00:00,"613,12",2026-01-02 16:00:00,"87,03",2026-01-02 16:00:00,"398,28",2026-01-02 16:00:00,"91,42"
2026-01-05 16:00:00,"687,72",2026-01-05 16:00:00,"617,99",2026-01-05 16:00:00,"87,46",2026-01-05 16:00:00,"408,76",2026-01-05 16:00:00,"91,42"
2026-01-06 16:00:00,"691,81",2026-01-06 16:00:00,"623,42",2026-01-06 16:00:00,"87,28",2026-01-06 16:00:00,"413,18",2026-01-06 16:00:00,"91,43"
2026-01-07 16:00:00,"689,58",2026-01-07 16:00:00,"624,02",2026-01-07 16:00:00,"87,79",2026-01-07 16:00:00,"409,23",2026-01-07 16:00:00,"91,45"
2026-01-08 16:00:00,"689,51",2026-01-08 16:00:00,"620,47",2026-01-08 16:00:00,"87,35",2026-01-08 16:00:00,"411,49",2026-01-08 16:00:00,"91,45"
2026-01-09 16:00:00,"694,07",2026-01-09 16:00:00,"626,65",2026-01-09 16:00:00,"87,93",2026-01-09 16:00:00,"414,47",2026-01-09 16:00:00,"91,47"
2026-01-12 16:00:00,"695,16",2026-01-12 16:00:00,"627,17",2026-01-12 16:00:00,"87,67",2026-01-12 16:00:00,"422,23",2026-01-12 16:00:00,"91,48"
2026-01-13 16:00:00,"693,77",2026-01-13 16:00:00,"626,24",2026-01-13 16:00:00,"87,82",2026-01-13 16:00:00,"421,63",2026-01-13 16:00:00,"91,49"
2026-01-14 16:00:00,"690,36",2026-01-14 16:00:00,"619,55",2026-01-14 16:00:00,"88,33",2026-01-14 16:00:00,"425,94",2026-01-14 16:00:00,"91,5"
2026-01-15 16:00:00,"692,24",2026-01-15 16:00:00,"621,78",2026-01-15 16:00:00,"88,31",2026-01-15 16:00:00,"423,33",2026-01-15 16:00:00,"91,5"
2026-01-16 16:00:00,"691,66",2026-01-16 16:00:00,"621,26",2026-01-16 16:00:00,"87,8",2026-01-16 16:00:00,"421,29",2026-01-16 16:00:00,"91,54"
2026-01-20 16:00:00,"677,58",2026-01-20 16:00:00,"608,06",2026-01-20 16:00:00,"86,65",2026-01-20 16:00:00,"437,23",2026-01-20 16:00:00,"91,54"
2026-01-21 16:00:00,"685,4",2026-01-21 16:00:00,"616,28",2026-01-21 16:00:00,"87,31",2026-01-21 16:00:00,"443,6",2026-01-21 16:00:00,"91,55"
2026-01-22 16:00:00,"688,98",2026-01-22 16:00:00,"620,76",2026-01-22 16:00:00,"87,69",2026-01-22 16:00:00,"451,79",2026-01-22 16:00:00,"91,56"
2026-01-23 16:00:00,"689,23",2026-01-23 16:00:00,"622,72",2026-01-23 16:00:00,"87,93",2026-01-23 16:00:00,458,2026-01-23 16:00:00,"91,59"
2026-01-26 16:00:00,"692,73",2026-01-26 16:00:00,"625,46",2026-01-26 16:00:00,"88,35",2026-01-26 16:00:00,"464,7",2026-01-26 16:00:00,"91,59"
2026-01-27 16:00:00,"695,49",2026-01-27 16:00:00,"631,13",2026-01-27 16:00:00,"87,8",2026-01-27 16:00:00,"476,1",2026-01-27 16:00:00,"91,6"
2026-01-28 16:00:00,"695,42",2026-01-28 16:00:00,"633,22",2026-01-28 16:00:00,"87,6",2026-01-28 16:00:00,"494,56",2026-01-28 16:00:00,"91,61"
2026-01-29 16:00:00,"694,04",2026-01-29 16:00:00,"629,43",2026-01-29 16:00:00,"87,62",2026-01-29 16:00:00,"495,9",2026-01-29 16:00:00,"91,63"
2026-01-30 16:00:00,"691,97",2026-01-30 16:00:00,"621,87",2026-01-30 16:00:00,"87,13",2026-01-30 16:00:00,"444,95",2026-01-30 16:00:00,"91,65"
2026-02-02 16:00:00,"695,41",2026-02-02 16:00:00,"626,14",2026-02-02 16:00:00,"86,55",2026-02-02 16:00:00,"427,13",2026-02-02 16:00:00,"91,39"
2026-02-03 16:00:00,"689,53",2026-02-03 16:00:00,"616,52",2026-02-03 16:00:00,"86,76",2026-02-03 16:00:00,"454,29",2026-02-03 16:00:00,"91,39"
2026-02-04 16:00:00,"686,19",2026-02-04 16:00:00,"605,75",2026-02-04 16:00:00,"86,54",2026-02-04 16:00:00,"453,97",2026-02-04 16:00:00,"91,41"
2026-02-05 16:00:00,"677,62",2026-02-05 16:00:00,"597,03",2026-02-05 16:00:00,"87,48",2026-02-05 16:00:00,"441,88",2026-02-05 16:00:00,"91,41"
2026-02-06 16:00:00,"690,62",2026-02-06 16:00:00,"609,65",2026-02-06 16:00:00,"87,54",2026-02-06 16:00:00,"455,46",2026-02-06 16:00:00,"91,44"
2026-02-09 16:00:00,"693,95",2026-02-09 16:00:00,"614,32",2026-02-09 16:00:00,"87,52",2026-02-09 16:00:00,"467,03",2026-02-09 16:00:00,"91,44"
2026-02-10 16:00:00,"692,12",2026-02-10 16:00:00,"611,47",2026-02-10 16:00:00,"88,53",2026-02-10 16:00:00,"462,4",2026-02-10 16:00:00,"91,45"
2026-02-11 16:00:00,"691,96",2026-02-11 16:00:00,"613,11",2026-02-11 16:00:00,"88,06",2026-02-11 16:00:00,"467,63",2026-02-11 16:00:00,"91,47"
2026-02-12 16:00:00,"681,27",2026-02-12 16:00:00,"600,64",2026-02-12 16:00:00,"89,23",2026-02-12 16:00:00,"451,39",2026-02-12 16:00:00,"91,47"
2026-02-13 16:00:00,"681,75",2026-02-13 16:00:00,"601,92",2026-02-13 16:00:00,"89,72",2026-02-13 16:00:00,"462,62",2026-02-13 16:00:00,"91,51"
2026-02-17 16:00:00,"682,85",2026-02-17 16:00:00,"601,3",2026-02-17 16:00:00,"89,87",2026-02-17 16:00:00,"448,2",2026-02-17 16:00:00,"91,52"
2026-02-18 16:00:00,"686,29",2026-02-18 16:00:00,"605,79",2026-02-18 16:00:00,"89,53",2026-02-18 16:00:00,"458,28",2026-02-18 16:00:00,"91,53"
2026-02-19 16:00:00,"684,48",2026-02-19 16:00:00,"603,47",2026-02-19 16:00:00,"89,62",2026-02-19 16:00:00,"459,56",2026-02-19 16:00:00,"91,53"
2026-02-20 16:00:00,"689,43",2026-02-20 16:00:00,"608,81",2026-02-20 16:00:00,"89,41",2026-02-20 16:00:00,"468,62",2026-02-20 16:00:00,"91,56"
2026-02-23 16:00:00,"682,39",2026-02-23 16:00:00,"601,41",2026-02-23 16:00:00,"89,74",2026-02-23 16:00:00,"481,28",2026-02-23 16:00:00,"91,56"
2026-02-24 16:00:00,"687,35",2026-02-24 16:00:00,"607,87",2026-02-24 16:00:00,"89,9",2026-02-24 16:00:00,"474,61",2026-02-24 16:00:00,"91,58"
2026-02-25 16:00:00,"693,15",2026-02-25 16:00:00,"616,68",2026-02-25 16:00:00,"89,91",2026-02-25 16:00:00,"473,42",2026-02-25 16:00:00,"91,59"
2026-02-26 16:00:00,"689,3",2026-02-26 16:00:00,"609,24",2026-02-26 16:00:00,"90,27",2026-02-26 16:00:00,"477,48",2026-02-26 16:00:00,"91,6"
2026-02-27 16:00:00,"685,99",2026-02-27 16:00:00,"607,29",2026-02-27 16:00:00,"90,82",2026-02-27 16:00:00,"483,75",2026-02-27 16:00:00,"91,62"
2026-03-02 16:00:00,"686,38",2026-03-02 16:00:00,"608,09",2026-03-02 16:00:00,"89,61",2026-03-02 16:00:00,490,2026-03-02 16:00:00,"91,39"
2026-03-03 16:00:00,"680,33",2026-03-03 16:00:00,"601,58",2026-03-03 16:00:00,"89,43",2026-03-03 16:00:00,"468,14",2026-03-03 16:00:00,"91,4"
2026-03-04 16:00:00,"685,13",2026-03-04 16:00:00,"610,75",2026-03-04 16:00:00,"89,15",2026-03-04 16:00:00,"471,8",2026-03-04 16:00:00,"91,41"
2026-03-05 16:00:00,"681,31",2026-03-05 16:00:00,"608,91",2026-03-05 16:00:00,"88,79",2026-03-05 16:00:00,"466,13",2026-03-05 16:00:00,"91,42"
2026-03-06 16:00:00,"672,38",2026-03-06 16:00:00,"599,75",2026-03-06 16:00:00,"88,46",2026-03-06 16:00:00,"473,51",2026-03-06 16:00:00,"91,44"
2026-03-09 16:00:00,"678,27",2026-03-09 16:00:00,"607,76",2026-03-09 16:00:00,"89,23",2026-03-09 16:00:00,"472,53",2026-03-09 16:00:00,"91,45"
2026-03-10 16:00:00,"677,18",2026-03-10 16:00:00,"607,77",2026-03-10 16:00:00,"88,28",2026-03-10 16:00:00,"477,86",2026-03-10 16:00:00,"91,46"
2026-03-11 16:00:00,"676,33",2026-03-11 16:00:00,"607,69",2026-03-11 16:00:00,"87,14",2026-03-11 16:00:00,"476,24",2026-03-11 16:00:00,"91,46"
2026-03-12 16:00:00,"666,06",2026-03-12 16:00:00,"597,26",2026-03-12 16:00:00,"86,97",2026-03-12 16:00:00,"466,88",2026-03-12 16:00:00,"91,48"
2026-03-13 16:00:00,"662,29",2026-03-13 16:00:00,"593,72",2026-03-13 16:00:00,"86,54",2026-03-13 16:00:00,"460,84",2026-03-13 16:00:00,"91,51"
2026-03-16 16:00:00,"669,03",2026-03-16 16:00:00,"600,38",2026-03-16 16:00:00,"87,21",2026-03-16 16:00:00,"460,43",2026-03-16 16:00:00,"91,51"
2026-03-17 16:00:00,"670,79",2026-03-17 16:00:00,"603,31",2026-03-17 16:00:00,"87,45",2026-03-17 16:00:00,"459,27",2026-03-17 16:00:00,"91,52"
2026-03-18 16:00:00,"661,43",2026-03-18 16:00:00,"594,9",2026-03-18 16:00:00,"86,96",2026-03-18 16:00:00,"444,74",2026-03-18 16:00:00,"91,54"
2026-03-19 16:00:00,"659,8",2026-03-19 16:00:00,"593,02",2026-03-19 16:00:00,"87,49",2026-03-19 16:00:00,"426,41",2026-03-19 16:00:00,"91,54"
2026-03-20 16:00:00,"648,57",2026-03-20 16:00:00,"582,06",2026-03-20 16:00:00,"85,83",2026-03-20 16:00:00,"413,38",2026-03-20 16:00:00,"91,57"
2026-03-23 16:00:00,"655,38",2026-03-23 16:00:00,588,2026-03-23 16:00:00,"86,39",2026-03-23 16:00:00,"404,04",2026-03-23 16:00:00,"91,58"
2026-03-24 16:00:00,"653,18",2026-03-24 16:00:00,"583,98",2026-03-24 16:00:00,"86,01",2026-03-24 16:00:00,"404,13",2026-03-24 16:00:00,"91,59"
2026-03-25 16:00:00,"656,82",2026-03-25 16:00:00,"587,82",2026-03-25 16:00:00,"86,84",2026-03-25 16:00:00,"416,29",2026-03-25 16:00:00,"91,58"
2026-03-26 16:00:00,"645,09",2026-03-26 16:00:00,"573,79",2026-03-26 16:00:00,"86,11",2026-03-26 16:00:00,"400,64",2026-03-26 16:00:00,"91,6"
2026-03-27 16:00:00,"634,09",2026-03-27 16:00:00,"562,58",2026-03-27 16:00:00,"85,64",2026-03-27 16:00:00,"414,7",2026-03-27 16:00:00,"91,63"
2026-03-30 16:00:00,"631,97",2026-03-30 16:00:00,"558,28",2026-03-30 16:00:00,"86,78",2026-03-30 16:00:00,"414,58",2026-03-30 16:00:00,"91,64"
2026-03-31 16:00:00,"650,34",2026-03-31 16:00:00,"577,18",2026-03-31 16:00:00,"86,69",2026-03-31 16:00:00,"430,29",2026-03-31 16:00:00,"91,64"
2026-04-01 16:00:00,"655,24",2026-04-01 16:00:00,"584,31",2026-04-01 16:00:00,"86,26",2026-04-01 16:00:00,"437,82",2026-04-01 16:00:00,"91,4"
2026-04-02 16:00:00,"655,83",2026-04-02 16:00:00,"584,98",2026-04-02 16:00:00,"86,79",2026-04-02 16:00:00,"429,41",2026-04-02 16:00:00,"91,42"
2026-04-06 16:00:00,"658,93",2026-04-06 16:00:00,"588,5",2026-04-06 16:00:00,"86,65",2026-04-06 16:00:00,"427,65",2026-04-06 16:00:00,"91,44"
2026-04-07 16:00:00,"659,22",2026-04-07 16:00:00,"588,59",2026-04-07 16:00:00,"86,64",2026-04-07 16:00:00,"431,81",2026-04-07 16:00:00,"91,45"
2026-04-08 16:00:00,"676,01",2026-04-08 16:00:00,"606,09",2026-04-08 16:00:00,"86,92",2026-04-08 16:00:00,"434,53",2026-04-08 16:00:00,"91,45"
2026-04-09 16:00:00,"679,91",2026-04-09 16:00:00,"610,19",2026-04-09 16:00:00,"86,7",2026-04-09 16:00:00,"437,91",2026-04-09 16:00:00,"91,46"
2026-04-10 16:00:00,"679,46",2026-04-10 16:00:00,"611,07",2026-04-10 16:00:00,"86,49",2026-04-10 16:00:00,"437,13",2026-04-10 16:00:00,"91,49"
2026-04-13 16:00:00,"686,1",2026-04-13 16:00:00,"617,39",2026-04-13 16:00:00,"86,75",2026-04-13 16:00:00,"435,36",2026-04-13 16:00:00,"91,49"
2026-04-14 16:00:00,"694,46",2026-04-14 16:00:00,"628,6",2026-04-14 16:00:00,"87,21",2026-04-14 16:00:00,"445,09",2026-04-14 16:00:00,"91,5"
2026-04-15 16:00:00,"699,94",2026-04-15 16:00:00,"637,4",2026-04-15 16:00:00,"86,83",2026-04-15 16:00:00,"440,46",2026-04-15 16:00:00,"91,51"
2026-04-16 16:00:00,"701,66",2026-04-16 16:00:00,"640,47",2026-04-16 16:00:00,"86,28",2026-04-16 16:00:00,"440,08",2026-04-16 16:00:00,"91,52"
2026-04-17 16:00:00,"710,14",2026-04-17 16:00:00,"648,85",2026-04-17 16:00:00,"87,07",2026-04-17 16:00:00,"445,93",2026-04-17 16:00:00,"91,55"
2026-04-20 16:00:00,"708,72",2026-04-20 16:00:00,"646,79",2026-04-20 16:00:00,"87,05",2026-04-20 16:00:00,"442,09",2026-04-20 16:00:00,"91,56"
2026-04-21 16:00:00,"704,08",2026-04-21 16:00:00,"644,33",2026-04-21 16:00:00,"86,57",2026-04-21 16:00:00,"429,57",2026-04-21 16:00:00,"91,57"
2026-04-22 16:00:00,"711,21",2026-04-22 16:00:00,"655,11",2026-04-22 16:00:00,"86,74",2026-04-22 16:00:00,"435,26",2026-04-22 16:00:00,"91,57"
2026-04-23 16:00:00,"708,45",2026-04-23 16:00:00,"651,42",2026-04-23 16:00:00,"86,55",2026-04-23 16:00:00,"431,04",2026-04-23 16:00:00,"91,59"
2026-04-24 16:00:00,"713,94",2026-04-24 16:00:00,"663,88",2026-04-24 16:00:00,"86,71",2026-04-24 16:00:00,"433,25",2026-04-24 16:00:00,"91,61"
2026-04-27 16:00:00,"715,17",2026-04-27 16:00:00,"664,23",2026-04-27 16:00:00,"86,28",2026-04-27 16:00:00,"429,89",2026-04-27 16:00:00,"91,62"
2026-04-28 16:00:00,"711,69",2026-04-28 16:00:00,"657,55",2026-04-28 16:00:00,"86,37",2026-04-28 16:00:00,"421,91",2026-04-28 16:00:00,"91,63"
2026-04-29 16:00:00,"711,58",2026-04-29 16:00:00,"661,57",2026-04-29 16:00:00,"85,7",2026-04-29 16:00:00,"417,41",2026-04-29 16:00:00,"91,63"
2026-04-30 16:00:00,"718,66",2026-04-30 16:00:00,"667,74",2026-04-30 16:00:00,"85,62",2026-04-30 16:00:00,"423,66",2026-04-30 16:00:00,"91,64"
2026-05-01 16:00:00,"720,65",2026-05-01 16:00:00,"674,15",2026-05-01 16:00:00,"85,61",2026-05-01 16:00:00,"423,18",2026-05-01 16:00:00,"91,4"
2026-05-04 16:00:00,"718,01",2026-05-04 16:00:00,"672,88",2026-05-04 16:00:00,"84,96",2026-05-04 16:00:00,"414,71",2026-05-04 16:00:00,"91,42"
2026-05-05 16:00:00,"723,77",2026-05-05 16:00:00,"681,61",2026-05-05 16:00:00,"85,43",2026-05-05 16:00:00,"418,27",2026-05-05 16:00:00,"91,43"
2026-05-06 16:00:00,"733,83",2026-05-06 16:00:00,"695,77",2026-05-06 16:00:00,"86,08",2026-05-06 16:00:00,"430,96",2026-05-06 16:00:00,"91,42"
2026-05-07 16:00:00,"731,58",2026-05-07 16:00:00,"694,94",2026-05-07 16:00:00,"85,65",2026-05-07 16:00:00,"431,68",2026-05-07 16:00:00,"91,44"
2026-05-08 16:00:00,"737,62",2026-05-08 16:00:00,"711,23",2026-05-08 16:00:00,"86,08",2026-05-08 16:00:00,"433,77",2026-05-08 16:00:00,"91,46"
2026-05-11 16:00:00,"739,3",2026-05-11 16:00:00,"713,29",2026-05-11 16:00:00,"85,56",2026-05-11 16:00:00,"434,65",2026-05-11 16:00:00,"91,48"
2026-05-12 16:00:00,"738,18",2026-05-12 16:00:00,"707,24",2026-05-12 16:00:00,"84,99",2026-05-12 16:00:00,"432,93",2026-05-12 16:00:00,"91,49"
2026-05-13 16:00:00,"742,31",2026-05-13 16:00:00,"714,71",2026-05-13 16:00:00,"84,8",2026-05-13 16:00:00,"430,5",2026-05-13 16:00:00,"91,49"
2026-05-14 16:00:00,"748,17",2026-05-14 16:00:00,"719,79",2026-05-14 16:00:00,"84,92",2026-05-14 16:00:00,"427,21",2026-05-14 16:00:00,"91,51"
2026-05-15 16:00:00,"739,17",2026-05-15 16:00:00,"708,93",2026-05-15 16:00:00,"83,66",2026-05-15 16:00:00,"417,29",2026-05-15 16:00:00,"91,53"
2026-05-18 16:00:00,"738,65",2026-05-18 16:00:00,"705,88",2026-05-18 16:00:00,"83,56",2026-05-18 16:00:00,"418,43",2026-05-18 16:00:00,"91,53"
2026-05-19 16:00:00,"733,73",2026-05-19 16:00:00,"701,53",2026-05-19 16:00:00,"83,02",2026-05-19 16:00:00,"411,5",2026-05-19 16:00:00,"91,55"
2026-05-20 16:00:00,"741,25",2026-05-20 16:00:00,"713,15",2026-05-20 16:00:00,"83,91",2026-05-20 16:00:00,"417,4",2026-05-20 16:00:00,"91,57"
2026-05-21 16:00:00,"742,72",2026-05-21 16:00:00,"714,51",2026-05-21 16:00:00,"84,22",2026-05-21 16:00:00,"416,99",2026-05-21 16:00:00,"91,57"
2026-05-22 16:00:00,"745,64",2026-05-22 16:00:00,"717,54",2026-05-22 16:00:00,"84,68",2026-05-22 16:00:00,"413,82",2026-05-22 16:00:00,"91,59"
2026-05-26 16:00:00,"750,59",2026-05-26 16:00:00,"730,28",2026-05-26 16:00:00,"85,1",2026-05-26 16:00:00,414,2026-05-26 16:00:00,"91,61"
2026-05-27 16:00:00,"750,46",2026-05-27 16:00:00,"729,45",2026-05-27 16:00:00,"85,3",2026-05-27 16:00:00,"408,49",2026-05-27 16:00:00,"91,62"
2026-05-28 16:00:00,"754,6",2026-05-28 16:00:00,"735,6",2026-05-28 16:00:00,"85,74",2026-05-28 16:00:00,"412,77",2026-05-28 16:00:00,"91,63"
2026-05-29 16:00:00,"756,48",2026-05-29 16:00:00,"738,31",2026-05-29 16:00:00,"85,76",2026-05-29 16:00:00,"417,12",2026-05-29 16:00:00,"91,66"
2026-06-01 16:00:00,"758,54",2026-06-01 16:00:00,"742,74",2026-06-01 16:00:00,"85,47",2026-06-01 16:00:00,"411,26",2026-06-01 16:00:00,"91,4"
2026-06-02 16:00:00,"759,57",2026-06-02 16:00:00,"746,16",2026-06-02 16:00:00,"85,65",2026-06-02 16:00:00,"411,95",2026-06-02 16:00:00,"91,39"
2026-06-03 16:00:00,"754,24",2026-06-03 16:00:00,"744,21",2026-06-03 16:00:00,"85,31",2026-06-03 16:00:00,"407,87",2026-06-03 16:00:00,"91,41"
2026-06-04 16:00:00,"757,09",2026-06-04 16:00:00,"740,61",2026-06-04 16:00:00,"85,5",2026-06-04 16:00:00,"411,27",2026-06-04 16:00:00,"91,41"
2026-06-05 16:00:00,"737,55",2026-06-05 16:00:00,"705,06",2026-06-05 16:00:00,"85,06",2026-06-05 16:00:00,"396,24",2026-06-05 16:00:00,"91,45"
2026-06-08 16:00:00,"739,22",2026-06-08 16:00:00,"716,07",2026-06-08 16:00:00,"84,62",2026-06-08 16:00:00,"397,27",2026-06-08 16:00:00,"91,46"
2026-06-09 16:00:00,"737,05",2026-06-09 16:00:00,"707,83",2026-06-09 16:00:00,"85,12",2026-06-09 16:00:00,"390,78",2026-06-09 16:00:00,"91,46"
2026-06-10 16:00:00,"725,43",2026-06-10 16:00:00,"693,69",2026-06-10 16:00:00,"84,88",2026-06-10 16:00:00,"374,58",2026-06-10 16:00:00,"91,47"
2026-06-11 16:00:00,"737,76",2026-06-11 16:00:00,"717,12",2026-06-11 16:00:00,"85,98",2026-06-11 16:00:00,"386,32",2026-06-11 16:00:00,"91,48"
2026-06-12 16:00:00,"741,75",2026-06-12 16:00:00,"721,34",2026-06-12 16:00:00,"85,77",2026-06-12 16:00:00,"386,54",2026-06-12 16:00:00,"91,51"
2026-06-15 16:00:00,"754,83",2026-06-15 16:00:00,744,2026-06-15 16:00:00,"85,72",2026-06-15 16:00:00,"396,55",2026-06-15 16:00:00,"91,51"
2026-06-16 16:00:00,"750,33",2026-06-16 16:00:00,"729,86",2026-06-16 16:00:00,"86,19",2026-06-16 16:00:00,"397,63",2026-06-16 16:00:00,"91,52"
2026-06-17 16:00:00,"740,96",2026-06-17 16:00:00,"722,51",2026-06-17 16:00:00,"86,33",2026-06-17 16:00:00,"388,6",2026-06-17 16:00:00,"91,53"
2026-06-18 16:00:00,"746,74",2026-06-18 16:00:00,"740,62",2026-06-18 16:00:00,"86,75",2026-06-18 16:00:00,"387,12",2026-06-18 16:00:00,"91,57"
2026-06-22 16:00:00,"744,39",2026-06-22 16:00:00,"737,95",2026-06-22 16:00:00,"86,09",2026-06-22 16:00:00,"384,59",2026-06-22 16:00:00,"91,57"
2026-06-23 16:00:00,"733,58",2026-06-23 16:00:00,"713,65",2026-06-23 16:00:00,"86,2",2026-06-23 16:00:00,"377,32",2026-06-23 16:00:00,"91,58"
2026-06-24 16:00:00,"733,24",2026-06-24 16:00:00,"710,62",2026-06-24 16:00:00,"87,38",2026-06-24 16:00:00,"365,92",2026-06-24 16:00:00,"91,59"
2026-06-25 16:00:00,"734,3",2026-06-25 16:00:00,"716,38",2026-06-25 16:00:00,"87,35",2026-06-25 16:00:00,"369,46",2026-06-25 16:00:00,"91,6"
2026-06-26 16:00:00,"728,99",2026-06-26 16:00:00,"706,52",2026-06-26 16:00:00,"87,36",2026-06-26 16:00:00,"373,63",2026-06-26 16:00:00,"91,63"
2026-06-29 16:00:00,741,2026-06-29 16:00:00,"724,08",2026-06-29 16:00:00,"87,45",2026-06-29 16:00:00,"368,58",2026-06-29 16:00:00,"91,64"
2026-06-30 16:00:00,"746,77",2026-06-30 16:00:00,"736,4",2026-06-30 16:00:00,"86,42",2026-06-30 16:00:00,"368,38",2026-06-30 16:00:00,"91,64"
2026-07-01 16:00:00,"745,76",2026-07-01 16:00:00,"725,17",2026-07-01 16:00:00,"85,52",2026-07-01 16:00:00,"370,6",2026-07-01 16:00:00,"91,4"
2026-07-02 16:00:00,"744,78",2026-07-02 16:00:00,"712,6",2026-07-02 16:00:00,"85,51",2026-07-02 16:00:00,"378,13",2026-07-02 16:00:00,"91,44"
2026-07-06 16:00:00,"751,28",2026-07-06 16:00:00,"722,82",2026-07-06 16:00:00,"85,45",2026-07-06 16:00:00,"382,13",2026-07-06 16:00:00,"91,43"
2026-07-07 16:00:00,"747,71",2026-07-07 16:00:00,"709,43",2026-07-07 16:00:00,"84,55",2026-07-07 16:00:00,"377,49",2026-07-07 16:00:00,"91,45"
2026-07-08 16:00:00,"745,4",2026-07-08 16:00:00,"711,44",2026-07-08 16:00:00,"84,36",2026-07-08 16:00:00,"374,45",2026-07-08 16:00:00,"91,45"
2026-07-09 16:00:00,"751,71",2026-07-09 16:00:00,"723,28",2026-07-09 16:00:00,"84,49",2026-07-09 16:00:00,"378,18",2026-07-09 16:00:00,"91,46"
2026-07-10 16:00:00,"754,95",2026-07-10 16:00:00,"725,51",2026-07-10 16:00:00,"84,47",2026-07-10 16:00:00,"377,01",2026-07-10 16:00:00,"91,5"
2026-07-13 16:00:00,"749,17",2026-07-13 16:00:00,"711,74",2026-07-13 16:00:00,"83,97",2026-07-13 16:00:00,"367,13",2026-07-13 16:00:00,"91,5"
2026-07-14 16:00:00,"751,83",2026-07-14 16:00:00,"719,69",2026-07-14 16:00:00,"84,08",2026-07-14 16:00:00,"372,15",2026-07-14 16:00:00,"91,51"
2026-07-15 16:00:00,"754,81",2026-07-15 16:00:00,"717,74",2026-07-15 16:00:00,"84,24",2026-07-15 16:00:00,"372,35",2026-07-15 16:00:00,"91,52"
2026-07-16 16:00:00,"750,72",2026-07-16 16:00:00,"705,94",2026-07-16 16:00:00,"84,21",2026-07-16 16:00:00,"364,96",2026-07-16 16:00:00,"91,53"
2026-07-17 16:00:00,"743,29",2026-07-17 16:00:00,"695,33",2026-07-17 16:00:00,"84,52",2026-07-17 16:00:00,"368,41",2026-07-17 16:00:00,"91,55"
2026-07-20 16:00:00,"742,09",2026-07-20 16:00:00,"696,06",2026-07-20 16:00:00,"83,89",2026-07-20 16:00:00,"367,6",2026-07-20 16:00:00,"91,56"
2026-07-21 16:00:00,"748,28",2026-07-21 16:00:00,"708,97",2026-07-21 16:00:00,"83,66",2026-07-21 16:00:00,"374,81",2026-07-21 16:00:00,"91,56"
2026-07-22 16:00:00,"747,41",2026-07-22 16:00:00,"705,35",2026-07-22 16:00:00,"83,44",2026-07-22 16:00:00,"379,12",2026-07-22 16:00:00,"91,58"
2026-07-23 16:00:00,"738,18",2026-07-23 16:00:00,"691,96",2026-07-23 16:00:00,"83,17",2026-07-23 16:00:00,"371,52",2026-07-23 16:00:00,"91,58"
2026-07-24 16:00:00,"738,93",2026-07-24 16:00:00,"684,23",2026-07-24 16:00:00,"83,25",2026-07-24 16:00:00,"371,9",2026-07-24 16:00:00,"91,61"
2026-07-27 16:00:00,"739,09",2026-07-27 16:00:00,"682,12",2026-07-27 16:00:00,"83,75",2026-07-27 16:00:00,"374,63",2026-07-27 16:00:00,"91,62"
2026-07-28 16:00:00,"740,86",2026-07-28 16:00:00,"675,49",2026-07-28 16:00:00,"84,24",2026-07-28 16:00:00,"369,37",2026-07-28 16:00:00,"91,63"
2026-07-29 16:00:00,"729,46",2026-07-29 16:00:00,"661,73",2026-07-29 16:00:00,"82,85",2026-07-29 16:00:00,"371,08",2026-07-29 16:00:00,"91,64"
2026-07-30 16:00:00,"741,69",2026-07-30 16:00:00,"683,55",2026-07-30 16:00:00,"82,8",2026-07-30 16:00:00,"377,16",2026-07-30 16:00:00,"91,65"
2026-07-31 16:00:00,"747,03",2026-07-31 16:00:00,"687,99",2026-07-31 16:00:00,"82,25",2026-07-31 16:00:00,"371,54",2026-07-31 16:00:00,"91,68"
2026-08-03 16:00:00,"757,67",2026-08-03 16:00:00,"700,07",2026-08-03 16:00:00,"82,19",2026-08-03 16:00:00,"371,71",2026-08-03 16:00:00,"91,42"
2026-08-04 16:00:00,"771,33",2026-08-04 16:00:00,"723,85",2026-08-04 16:00:00,"82,82",2026-08-04 16:00:00,"374,16",2026-08-04 16:00:00,"91,42"
2026-08-05 16:00:00,"769,79",2026-08-05 16:00:00,"717,3",2026-08-05 16:00:00,83,2026-08-05 16:00:00,"389,64",2026-08-05 16:00:00,"91,43"
2026-08-06 16:00:00,"768,56",2026-08-06 16:00:00,"714,65",2026-08-06 16:00:00,"82,52",2026-08-06 16:00:00,"389,67",2026-08-06 16:00:00,"91,45"
2026-08-07 16:00:00,"773,26",2026-08-07 16:00:00,"723,03",2026-08-07 16:00:00,"82,76",2026-08-07 16:00:00,"398,47",2026-08-07 16:00:00,"91,48"
2026-08-10 16:00:00,"773,03",2026-08-10 16:00:00,"720,87",2026-08-10 16:00:00,"82,06",2026-08-10 16:00:00,"402,54",2026-08-10 16:00:00,"91,48"
2026-08-11 16:00:00,"770,56",2026-08-11 16:00:00,"718,45",2026-08-11 16:00:00,"82,19",2026-08-11 16:00:00,"400,96",2026-08-11 16:00:00,"91,49"
2026-08-12 16:00:00,"772,49",2026-08-12 16:00:00,"723,7",2026-08-12 16:00:00,"82,11",2026-08-12 16:00:00,"404,92",2026-08-12 16:00:00,"91,51"
2026-08-13 16:00:00,"777,88",2026-08-13 16:00:00,"732,07",2026-08-13 16:00:00,"82,59",2026-08-13 16:00:00,"398,96",2026-08-13 16:00:00,"91,51"
2026-08-14 16:00:00,"776,34",2026-08-14 16:00:00,"731,07",2026-08-14 16:00:00,"82,04",2026-08-14 16:00:00,"401,48",2026-08-14 16:00:00,"91,53"
2026-08-17 16:00:00,"772,67",2026-08-17 16:00:00,"729,87",2026-08-17 16:00:00,"81,35",2026-08-17 16:00:00,"405,49",2026-08-17 16:00:00,"91,55"
2026-08-18 16:00:00,"767,45",2026-08-18 16:00:00,"717,51",2026-08-18 16:00:00,"81,66",2026-08-18 16:00:00,"398,55",2026-08-18 16:00:00,"91,56"
2026-08-19 16:00:00,"769,06",2026-08-19 16:00:00,"716,08",2026-08-19 16:00:00,"83,02",2026-08-19 16:00:00,"413,84",2026-08-19 16:00:00,"91,57"
2026-08-20 16:00:00,"762,6",2026-08-20 16:00:00,"710,93",2026-08-20 16:00:00,"82,34",2026-08-20 16:00:00,"415,26",2026-08-20 16:00:00,"91,57"
2026-08-21 16:00:00,"765,72",2026-08-21 16:00:00,"713,44",2026-08-21 16:00:00,"82,05",2026-08-21 16:00:00,"423,36",2026-08-21 16:00:00,"91,6"
2026-08-24 16:00:00,"763,47",2026-08-24 16:00:00,"706,32",2026-08-24 16:00:00,"82,56",2026-08-24 16:00:00,"426,69",2026-08-24 16:00:00,"91,61"
2026-08-25 16:00:00,"765,91",2026-08-25 16:00:00,"710,72",2026-08-25 16:00:00,"83,47",2026-08-25 16:00:00,"428,07",2026-08-25 16:00:00,"91,62"
2026-08-26 16:00:00,"766,08",2026-08-26 16:00:00,"711,37",2026-08-26 16:00:00,"83,3",2026-08-26 16:00:00,"421,32",2026-08-26 16:00:00,"91,63"
2026-08-27 16:00:00,"771,1",2026-08-27 16:00:00,"721,11",2026-08-27 16:00:00,"83,13",2026-08-27 16:00:00,"422,6",2026-08-27 16:00:00,"91,63"
2026-08-28 16:00:00,"769,35",2026-08-28 16:00:00,"716,43",2026-08-28 16:00:00,"82,88",2026-08-28 16:00:00,"408,89",2026-08-28 16:00:00,"91,65"
2026-08-31 16:00:00,"767,05",2026-08-31 16:00:00,"716,76",2026-08-31 16:00:00,"82,52",2026-08-31 16:00:00,"408,42",2026-08-31 16:00:00,"91,66"
2026-09-01 16:00:00,"761,78",2026-09-01 16:00:00,"707,64",2026-09-01 16:00:00,"81,87",2026-09-01 16:00:00,"396,75",2026-09-01 16:00:00,"91,39"
2026-09-02 16:00:00,"765,16",2026-09-02 16:00:00,"709,24",2026-09-02 16:00:00,"81,95",2026-09-02 16:00:00,"402,78",2026-09-02 16:00:00,"91,4"
2026-09-03 16:00:00,"773,17",2026-09-03 16:00:00,"717,67",2026-09-03 16:00:00,"82,07",2026-09-03 16:00:00,"410,22",2026-09-03 16:00:00,"91,42"
2026-09-04 16:00:00,"770,19",2026-09-04 16:00:00,"718,96",2026-09-04 16:00:00,"82,21",2026-09-04 16:00:00,"406,77",2026-09-04 16:00:00,"91,45"
2026-09-08 16:00:00,"765,96",2026-09-08 16:00:00,"718,36",2026-09-08 16:00:00,"82,2",2026-09-08 16:00:00,"399,72",2026-09-08 16:00:00,"91,46"
2026-09-09 16:00:00,"762,4",2026-09-09 16:00:00,"716,31",2026-09-09 16:00:00,"81,73",2026-09-09 16:00:00,"403,35",2026-09-09 16:00:00,"91,46"
2026-09-10 16:00:00,"757,83",2026-09-10 16:00:00,"708,69",2026-09-10 16:00:00,"80,78",2026-09-10 16:00:00,"396,36",2026-09-10 16:00:00,"91,47"
2026-09-11 16:00:00,"764,29",2026-09-11 16:00:00,"714,88",2026-09-11 16:00:00,"80,87",2026-09-11 16:00:00,"398,77",2026-09-11 16:00:00,"91,5"
2026-09-14 16:00:00,"760,88",2026-09-14 16:00:00,"709,18",2026-09-14 16:00:00,"80,93",2026-09-14 16:00:00,"392,84",2026-09-14 16:00:00,"91,5"
2026-09-15 16:00:00,"757,39",2026-09-15 16:00:00,"704,54",2026-09-15 16:00:00,"80,71",2026-09-15 16:00:00,"394,15",2026-09-15 16:00:00,"91,51"
2026-09-16 16:00:00,"754,05",2026-09-16 16:00:00,"704,72",2026-09-16 16:00:00,"80,88",2026-09-16 16:00:00,"391,74",2026-09-16 16:00:00,"91,51"
2026-09-17 16:00:00,"762,6",2026-09-17 16:00:00,"716,92",2026-09-17 16:00:00,"81,78",2026-09-17 16:00:00,"398,36",2026-09-17 16:00:00,"91,53"
2026-09-18 16:00:00,"761,69",2026-09-18 16:00:00,"721,45",2026-09-18 16:00:00,"81,25",2026-09-18 16:00:00,"401,17",2026-09-18 16:00:00,"91,55"
2026-09-21 16:00:00,"773,5",2026-09-21 16:00:00,"741,47",2026-09-21 16:00:00,"81,8",2026-09-21 16:00:00,"398,38",2026-09-21 16:00:00,"91,57"
2026-09-22 16:00:00,"773,38",2026-09-22 16:00:00,"747,46",2026-09-22 16:00:00,"81,75",2026-09-22 16:00:00,"400,07",2026-09-22 16:00:00,"91,57"
2026-09-23 16:00:00,"767,81",2026-09-23 16:00:00,"741,21",2026-09-23 16:00:00,"80,46",2026-09-23 16:00:00,"392,88",2026-09-23 16:00:00,"91,59"
2026-09-24 16:00:00,"767,18",2026-09-24 16:00:00,"741,1",2026-09-24 16:00:00,"79,42",2026-09-24 16:00:00,"391,69",2026-09-24 16:00:00,"91,58"
2026-09-25 16:00:00,"771,35",2026-09-25 16:00:00,"744,5",2026-09-25 16:00:00,"79,32",2026-09-25 16:00:00,"393,41",2026-09-25 16:00:00,"91,62"
2026-09-28 16:00:00,"765,61",2026-09-28 16:00:00,"736,53",2026-09-28 16:00:00,"78,62",2026-09-28 16:00:00,"377,91",2026-09-28 16:00:00,"91,63"
2026-09-29 16:00:00,"764,2",2026-09-29 16:00:00,"737,93",2026-09-29 16:00:00,"78,23",2026-09-29 16:00:00,"382,89",2026-09-29 16:00:00,"91,65"